﻿product,price
iPhone 11,S$258
iPhone 14,S$628
iPhone 15,S$950
iPhone 6 Plus,S$188
iPhone 14 Pro,S$853
iPhone 14 Plus,S$708
iPhone 15 Pro,"S$1,248"
iPhone 15 Plus,"S$1,078"
iPhone 11 Pro,S$377
iPhone 14 Pro Max,S$979
iPhone 15 Pro Max,"S$1,388"
iPhone 11 Pro Max,S$418
iPhone 13,S$508
iPhone XR,S$233
iPhone 12,S$363
iPhone XS,S$238
iPhone X,S$228
iPhone 8,S$148
iPhone 7,S$99
iPhone 6s,S$139
iPhone 13 Pro,S$599
iPhone 12 Pro,S$471
iPhone 13 Mini,S$490
iPhone 12 Mini,S$337
iPhone SE 2022,S$318
iPhone SE 2020,S$168
iPhone XS Max,S$248
iPhone 7 Plus,S$127
iPhone 8 Plus,S$200
iPhone 6s Plus,S$128
iPhone 12 Pro Max,S$550
iPhone 13 Pro Max,S$768
